/*
Navicat MySQL Data Transfer

Source Server         : yy
Source Server Version : 50151
Source Host           : localhost:3306
Source Database       : tracksystem

Target Server Type    : MYSQL
Target Server Version : 50151
File Encoding         : 65001

Date: 2014-11-30 01:03:27
*/

SET FOREIGN_KEY_CHECKS=0;

-- ----------------------------
-- Table structure for `app`
-- ----------------------------
DROP TABLE IF EXISTS `app`;
CREATE TABLE `app` (
  `id` bigint(20) NOT NULL AUTO_INCREMENT,
  `name` varchar(255) DEFAULT NULL,
  `description` varchar(255) DEFAULT NULL,
  `status` varchar(255) DEFAULT NULL,
  `createtime` date DEFAULT NULL,
  PRIMARY KEY (`id`)
) ENGINE=InnoDB AUTO_INCREMENT=2 DEFAULT CHARSET=utf8;

-- ----------------------------
-- Records of app
-- ----------------------------
INSERT INTO `app` VALUES ('1', '企业1', '1', '启用', '2014-05-28');

-- ----------------------------
-- Table structure for `authority`
-- ----------------------------
DROP TABLE IF EXISTS `authority`;
CREATE TABLE `authority` (
  `id` bigint(20) NOT NULL AUTO_INCREMENT,
  `name` varchar(255) DEFAULT NULL,
  `description` varchar(255) DEFAULT NULL,
  `status` int(11) DEFAULT NULL,
  PRIMARY KEY (`id`)
) ENGINE=InnoDB AUTO_INCREMENT=3 DEFAULT CHARSET=utf8;

-- ----------------------------
-- Records of authority
-- ----------------------------
INSERT INTO `authority` VALUES ('1', 'ROLE_USER', '用户', '1');
INSERT INTO `authority` VALUES ('2', 'ROLE_ADMIN', '管理员', '1');

-- ----------------------------
-- Table structure for `authority_power`
-- ----------------------------
DROP TABLE IF EXISTS `authority_power`;
CREATE TABLE `authority_power` (
  `id` bigint(20) NOT NULL AUTO_INCREMENT,
  `authorityId` bigint(20) DEFAULT NULL,
  `powerId` bigint(20) DEFAULT NULL,
  `powerResource` varchar(255) DEFAULT NULL,
  `authorityName` varchar(255) DEFAULT NULL,
  PRIMARY KEY (`id`)
) ENGINE=InnoDB AUTO_INCREMENT=9 DEFAULT CHARSET=utf8;

-- ----------------------------
-- Records of authority_power
-- ----------------------------
INSERT INTO `authority_power` VALUES ('1', '1', '1', '/rs/**', 'ROLE_USER');
INSERT INTO `authority_power` VALUES ('2', '1', '4', '/index.jsp', 'ROLE_USER');
INSERT INTO `authority_power` VALUES ('4', '2', '1', '/rs/**', 'ROLE_ADMIN');
INSERT INTO `authority_power` VALUES ('5', '2', '2', '/user.html', 'ROLE_ADMIN');
INSERT INTO `authority_power` VALUES ('6', '2', '3', '/admin.html', 'ROLE_ADMIN');
INSERT INTO `authority_power` VALUES ('7', '2', '4', '/index.jsp', 'ROLE_ADMIN');
INSERT INTO `authority_power` VALUES ('8', '2', '15', 'cas/**', 'ROLE_ADMIN');

-- ----------------------------
-- Table structure for `power`
-- ----------------------------
DROP TABLE IF EXISTS `power`;
CREATE TABLE `power` (
  `id` bigint(20) NOT NULL AUTO_INCREMENT,
  `resource` varchar(255) DEFAULT NULL,
  `type` varchar(255) DEFAULT NULL,
  `description` varchar(255) DEFAULT NULL,
  PRIMARY KEY (`id`)
) ENGINE=InnoDB AUTO_INCREMENT=16 DEFAULT CHARSET=utf8;

-- ----------------------------
-- Records of power
-- ----------------------------
INSERT INTO `power` VALUES ('1', '/rs/**', 'resource', '所有rest服务');
INSERT INTO `power` VALUES ('2', '/user.html', 'url', null);
INSERT INTO `power` VALUES ('3', '/admin.html', 'url', null);
INSERT INTO `power` VALUES ('4', '/index.jsp', 'url', null);
INSERT INTO `power` VALUES ('15', 'cas/**', 'service', 'cas client test from android');

-- ----------------------------
-- Table structure for `user`
-- ----------------------------
DROP TABLE IF EXISTS `user`;
CREATE TABLE `user` (
  `id` bigint(20) NOT NULL AUTO_INCREMENT,
  `name` varchar(255) DEFAULT NULL,
  `password` varchar(255) DEFAULT NULL,
  `sex` varchar(255) DEFAULT NULL,
  `role` varchar(255) DEFAULT NULL,
  `appId` bigint(20) DEFAULT '1',
  `status` varchar(255) DEFAULT NULL,
  `image` varchar(255) DEFAULT NULL,
  PRIMARY KEY (`id`)
) ENGINE=InnoDB AUTO_INCREMENT=5 DEFAULT CHARSET=utf8;

-- ----------------------------
-- Records of user
-- ----------------------------
INSERT INTO `user` VALUES ('1', 'xiaozhujun', 'e10adc3949ba59abbe56e057f20f883e', '男', 'ROLE_USER;ROLE_ADMIN', '1', '启用', null);
INSERT INTO `user` VALUES ('2', 'zhangsan', 'e10adc3949ba59abbe56e057f20f883e', '男', 'ROLE_USER', '1', '启用', null);
INSERT INTO `user` VALUES ('3', 'sunhui', 'e68fa2bc61b75b8a06766e25905052c7', '男', 'ROLE_USER', '1', '启用', null);
INSERT INTO `user` VALUES ('4', 'liujinxia', 'c99c1cbefe13019978d90cb442cb8f78', '女', 'ROLE_ADMIN', '1', '启用', null);

-- ----------------------------
-- Table structure for `user_authority`
-- ----------------------------
DROP TABLE IF EXISTS `user_authority`;
CREATE TABLE `user_authority` (
  `id` bigint(20) NOT NULL AUTO_INCREMENT,
  `userId` bigint(20) DEFAULT NULL,
  `authorityId` bigint(20) DEFAULT NULL,
  `userName` varchar(255) DEFAULT NULL,
  `authorityName` varchar(255) DEFAULT NULL,
  PRIMARY KEY (`id`)
) ENGINE=InnoDB AUTO_INCREMENT=8 DEFAULT CHARSET=utf8;

-- ----------------------------
-- Records of user_authority
-- ----------------------------
INSERT INTO `user_authority` VALUES ('1', '1', '1', 'xiaozhujun', 'ROLE_USER');
INSERT INTO `user_authority` VALUES ('2', '1', '2', 'xiaozhujun', 'ROLE_ADMIN');
INSERT INTO `user_authority` VALUES ('5', '2', '1', 'zhangsan', 'ROLE_USER');
INSERT INTO `user_authority` VALUES ('6', '3', '1', 'sunhui', 'ROLE_USER');
INSERT INTO `user_authority` VALUES ('7', '4', '2', 'liujinxia', 'ROLE_ADMIN');
